date,home_team,away_team,tournament,country,neutral
2026-01-03,Mali,Tunisia,African Nations Cup,Morocco,True
2026-01-03,Senegal,Sudan,African Nations Cup,Morocco,True
2026-01-04,Morocco,Tanzania,African Nations Cup,Morocco,False
2026-01-04,Cameroon,South Africa,African Nations Cup,Morocco,True
2026-01-05,Benin,Egypt,African Nations Cup,Morocco,True
2026-01-05,Mozambique,Nigeria,African Nations Cup,Morocco,True
2026-01-06,Algeria,DR Congo,African Nations Cup,Morocco,True
2026-01-06,Burkina Faso,Ivory Coast,African Nations Cup,Morocco,True
2026-01-17,Canada,Guatemala,Friendly,United States,True
2026-01-18,Bolivia,Panama,Friendly,Bolivia,False
2026-01-22,Panama,Mexico,Friendly,Panama,False
2026-01-25,Bolivia,Mexico,Friendly,Bolivia,False
2026-01-31,Bolivia,Dominican Republic,Friendly,Bolivia,False
2026-02-25,Mexico,Iceland,Friendly,Mexico,False
2026-03-01,Saint Martin,Sint Maarten,Friendly tournament,St Kitts and Nevis,True
2026-03-01,Saint Kitts and Nevis,Saint Martin,Friendly tournament,St Kitts and Nevis,True
2026-03-01,Saint Kitts and Nevis,Dominica,Friendly tournament,St Kitts and Nevis,True
2026-03-01,Martinique,St Vincent & Grenadines,Friendly tournament,Dominican Rep,True
2026-03-01,Martinique,Saint Lucia,Friendly tournament,Dominican Rep,True
2026-03-01,Dominican Republic,Saint Lucia,Friendly tournament,Dominican Rep,True
2026-03-01,Dominican Republic,Cuba,Friendly tournament,Dominican Rep,True
2026-03-01,Cuba,St Vincent & Grenadines,Friendly tournament,Dominican Rep,True
2026-03-01,Barbados,Guyana,Friendly tournament,Antigua and Barbuda,True
2026-03-01,Belize,Sint Maarten,Friendly tournament,St Kitts and Nevis,True
2026-03-01,Belize,Dominica,Friendly tournament,St Kitts and Nevis,True
2026-03-01,Aruba,Guyana,Friendly tournament,Antigua and Barbuda,True
2026-03-01,Aruba,Bonaire,Friendly tournament,Antigua and Barbuda,True
2026-03-01,Antigua and Barbuda,Bonaire,Friendly tournament,Antigua and Barbuda,False
2026-03-01,Antigua and Barbuda,Barbados,Friendly tournament,Antigua and Barbuda,False
2026-03-01,Anguilla,British Virgin Islands,Friendly tournament,Cayman Islands,True
2026-03-01,Cayman Islands,Bahamas,Friendly tournament,Cayman Islands,False
2026-03-26,Malta,Luxembourg,European League C/D,Malta,False
2026-03-26,Moldova,Lithuania,Friendly,Moldova,False
2026-03-26,Georgia,Israel,Friendly,Georgia,False
2026-03-26,Colombia,Croatia,Friendly,United States,True
2026-03-26,Brazil,France,Friendly,United States,True
2026-03-26,Jamaica,New Caledonia,World Cup qualifier,Mexico,True
2026-03-26,Bolivia,Suriname,World Cup qualifier,Mexico,True
2026-03-26,Gibraltar,Latvia,European League C/D,Gibraltar,False
2026-03-26,Italy,Northern Ireland,World Cup qualifier,Italy,False
2026-03-26,Wales,Bosnia and Herzegovinaovina,World Cup qualifier,Wales,False
2026-03-26,Turkey,Romania,World Cup qualifier,Turkey,False
2026-03-26,Sweden,Ukraine,World Cup qualifier,Spain,True
2026-03-26,Slovakia,Kosovo,World Cup qualifier,Slovakia,False
2026-03-26,Poland,Albania,World Cup qualifier,Poland,False
2026-03-26,Afghanistan,Myanmar,Asian Cup qualifier,Bangladesh,True
2026-03-26,Denmark,North Macedonia,World Cup qualifier,Denmark,False
2026-03-26,Czechia,Ireland,World Cup qualifier,Czechia,False
2026-03-27,Argentina,Spain,Intercont Champ,Qatar,True
2026-03-27,England,Uruguay,Friendly,England,False
2026-03-27,Netherlands,Norway,Friendly,Netherlands,False
2026-03-27,Switzerland,Germany,Friendly,Switzerland,False
2026-03-28,United States,Belgium,Friendly,United States,False
2026-03-28,Mexico,Portugal,Friendly,Mexico,False
2026-03-29,Colombia,France,Friendly,United States,True
2026-03-29,Lithuania,Georgia,Friendly,Lithuania,False
2026-03-30,Canada,Tunisia,Friendly,Canada,False
2026-03-30,Germany,Ghana,Friendly,Germany,False
2026-03-31,Latvia,Gibraltar,European League C/D,Latvia,False
2026-03-31,United States,Portugal,Friendly,United States,False
2026-03-31,Qatar,Argentina,Friendly,Qatar,False
2026-03-31,Netherlands,Ecuador,Friendly,Netherlands,False
2026-03-31,England,Japan,Friendly,England,False
2026-03-31,Brazil,Croatia,Friendly,United States,True
2026-03-31,Belgium,Mexico,Friendly,United States,True
2026-03-31,Luxembourg,Malta,European League C/D,Luxembourg,False
2026-03-31,Thailand,Turkmenistan,Asian Cup qualifier,Thailand,False
2026-03-31,Vietnam,Malaysia,Asian Cup qualifier,Vietnam,False
2026-03-31,Taiwan,Sri Lanka,Asian Cup qualifier,Taiwan,False
2026-03-31,Tajikistan,Philippines,Asian Cup qualifier,Tajikistan,False
2026-03-31,Singapore,Bangladesh,Asian Cup qualifier,Singapore,False
2026-03-31,Pakistan,Myanmar,Asian Cup qualifier,Pakistan,False
2026-03-31,Nepal,Laos,Asian Cup qualifier,Nepal,False
2026-03-31,Maldives,East Timor,Asian Cup qualifier,Maldives,False
2026-03-31,Lebanon,Yemen,Asian Cup qualifier,Lebanon,False
2026-03-31,India,Hong Kong,Asian Cup qualifier,India,False
2026-03-31,Bhutan,Brunei,Asian Cup qualifier,Bhutan,False
2026-03-31,Afghanistan,Syria,Asian Cup qualifier,,True
2026-05-27,Cape Verde,Indonesia,Friendly,Japan,True
2026-05-31,Germany,Finland,Friendly,Germany,False
2026-05-31,Japan,Cape Verde,Friendly,Japan,False
2026-05-31,United States,Senegal,Friendly,United States,False
2026-06-01,Argentina,Honduras,Friendly,United States,True
2026-06-01,Canada,Uzbekistan,Friendly,Canada,False
2026-06-01,Argentina,Mexico,Friendly,United States,True
2026-06-06,United States,Germany,Friendly,United States,False
2026-06-11,Mexico,South Africa,World Cup,Mexico,False
2026-06-12,United States,Paraguay,World Cup,United States,False
2026-06-13,Brazil,Morocco,World Cup,United States,True
2026-06-13,Haiti,Scotland,World Cup,United States,True
2026-06-13,Qatar,Switzerland,World Cup,United States,True
2026-06-14,Ecuador,Ivory Coast,World Cup,United States,True
2026-06-14,Curaçao,Germany,World Cup,United States,True
2026-06-14,Japan,Netherlands,World Cup,United States,True
2026-06-15,Belgium,Egypt,World Cup,United States,True
2026-06-15,Cape Verde,Spain,World Cup,United States,True
2026-06-15,Iran,New Zealand,World Cup,United States,True
2026-06-15,Saudi Arabia,Uruguay,World Cup,United States,True
2026-06-16,Austria,Jordan,World Cup,United States,True
2026-06-16,France,Senegal,World Cup,United States,True
2026-06-16,Algeria,Argentina,World Cup,United States,True
2026-06-17,Croatia,England,World Cup,United States,True
2026-06-17,Ghana,Panama,World Cup,Canada,True
2026-06-17,Colombia,Uzbekistan,World Cup,Mexico,True
2026-06-18,Canada,Qatar,World Cup,Canada,False
2026-06-18,Mexico,South Korea,World Cup,Mexico,False
2026-06-19,Brazil,Haiti,World Cup,United States,True
2026-06-19,Morocco,Scotland,World Cup,United States,True
2026-06-19,United States,Australia,World Cup,United States,False
2026-06-20,Germany,Ivory Coast,World Cup,Canada,True
2026-06-20,Japan,Tunisia,World Cup,Mexico,True
2026-06-20,Curaçao,Ecuador,World Cup,United States,True
2026-06-21,Belgium,Iran,World Cup,United States,True
2026-06-21,Cape Verde,Uruguay,World Cup,United States,True
2026-06-21,Egypt,New Zealand,World Cup,Canada,True
2026-06-21,Saudi Arabia,Spain,World Cup,United States,True
2026-06-22,Norway,Senegal,World Cup,United States,True
2026-06-22,Algeria,Jordan,World Cup,United States,True
2026-06-22,Argentina,Austria,World Cup,United States,True
2026-06-23,Portugal,Uzbekistan,World Cup,United States,True
2026-06-23,Croatia,Panama,World Cup,Canada,True
2026-06-23,England,Ghana,World Cup,United States,True
2026-06-24,Brazil,Scotland,World Cup,United States,True
2026-06-24,Canada,Switzerland,World Cup,Canada,False
2026-06-24,Haiti,Morocco,World Cup,United States,True
2026-06-24,South Africa,South Korea,World Cup,Mexico,True
2026-06-25,Australia,Paraguay,World Cup,United States,True
2026-06-25,Curaçao,Ivory Coast,World Cup,United States,True
2026-06-25,Ecuador,Germany,World Cup,United States,True
2026-06-25,Netherlands,Tunisia,World Cup,United States,True
2026-06-26,Spain,Uruguay,World Cup,Mexico,True
2026-06-26,Belgium,New Zealand,World Cup,Canada,True
2026-06-26,Cape Verde,Saudi Arabia,World Cup,United States,True
2026-06-26,Egypt,Iran,World Cup,United States,True
2026-06-26,France,Norway,World Cup,United States,True
2026-06-27,Colombia,Portugal,World Cup,United States,True
2026-06-27,Croatia,Ghana,World Cup,United States,True
2026-06-27,Algeria,Austria,World Cup,United States,True
2026-06-27,Argentina,Jordan,World Cup,United States,True
2026-06-27,England,Panama,World Cup,United States,True
